LicenseNumber	FirstName	LastName	Address	City	ZipCode	State	CategoryID
PX611869	Lamar	Nielsen	P.O. Box 740, 4374 Laoreet Rd.	Lowell	98685	MA	C300
FC163963	Bevis	Mercado	Ap #634-2112 A, Avenue	Fort Smith	83113	AR	C100
KS172127	Nigel	Singleton	Ap #938-8779 Morbi Road	Iowa City	24256	IA	C100
OH542534	Faith	Contreras	412-7565 Orci, Ave	Madison	39275	WI	C300
LB557825	Fatima	Stuart	Ap #329-7489 Nec Avenue	Biloxi	86427	MS	C200
FA130758	Preston	Pierce	Ap #955-4162 Mattis Ave	Springfield	71749	MO	C200
KD298357	Ariel	Frye	9702 Proin Road	Olympia	98340	WA	C400
RI858341	Uta	Mcdaniel	9886 Aliquet St.	Gaithersburg	35238	MD	C300
UJ269636	Duncan	Coffey	890-7419 Tempor Street	Minneapolis	45847	MN	C400
SU066707	Odysseus	Marshall	Ap #741-7100 Vitae Rd.	Kansas City	15327	MO	C300
DX812635	Benjamin	Rosario	3343 Neque Rd.	Grand Island	46133	NE	C300
LO773264	Garrison	Gallegos	P.O. Box 611, 3323 Orci. Rd.	Virginia Beach	24750	VA	C100
YK925332	Ariana	Boyd	1128 Vulputate, Av.	Detroit	36546	MI	C400
GV634831	Ethan	Walton	P.O. Box 134, 4361 Ligula St.	Waterbury	97225	CT	C100
SL822949	Whitney	Christian	Ap #409-7433 Lorem Ave	Tallahassee	66445	FL	C400
OV506649	Duncan	Gonzales	748-6306 Donec Av.	Jonesboro	60468	AR	C100
SJ348212	Miriam	Glass	P.O. Box 905, 3564 Ac Av.	Omaha	59266	NE	C100
VD277472	Signe	Larson	340-1592 Lectus. Road	Overland Park	19874	KS	C300
VS088681	Lenore	Livingston	7394 Magnis St.	Omaha	42541	NE	C100
SE581666	Lunea	Monroe	Ap #353-649 Vivamus Road	Grand Rapids	17616	MI	C300
JA148372	Andrew	Nielsen	723-8923 Nisi. Av.	Virginia Beach	34512	VA	C200
BB041378	Freya	Morse	Ap #481-8792 In Avenue	Naperville	51604	IL	C400
MN625209	Jordan	Turner	3148 Aliquam Road	Sterling Heights	85177	MI	C300
NF356033	Tara	Compton	P.O. Box 899, 2015 Placerat St.	Metairie	85473	LA	C100
GO775633	Sybil	Craig	630-709 Nibh Street	Bloomington	98176	MN	C200
KK336834	Russell	Rutledge	Ap #124-8958 Donec Ave	Norman	61967	OK	C400
KC013348	Nina	Keller	Ap #233-1728 Lorem Rd.	Racine	64857	WI	C400
IQ155236	Janna	O'connor	5584 Nulla. Rd.	Colchester	55338	HI	C200
GP031303	Sean	Olson	433-7693 Ut St.	Jonesboro	96384	AR	C300
MV983398	Xandra	Stanley	Ap #382-4776 Pharetra Rd.	Overland Park	38446	KS	C200
KP789273	Amos	Mckay	P.O. Box 500, 9882 Quam St.	Gaithersburg	26284	MD	C200
AT546375	Charissa	Oneil	Ap #744-5909 Mi Road	Kaneohe	54191	MD	C100
RS590575	Ronan	Rivers	363-5908 Quam Ave	Laramie	92343	WY	C400
TW917142	Cole	Goff	3801 Mi Street	Dallas	57611	TX	C300
UB765160	Marny	Berger	Ap #859-3196 Et St.	Montpelier	73203	VT	C300
WU229291	Cecilia	Romero	627-8167 Mus. Ave	Cleveland	21865	OH	C100
OW268903	Xavier	Russo	845-2636 Parturient Street	Springfield	91156	MO	C100
GW166844	Gray	Small	Ap #124-4135 Erat, Street	Shreveport	88946	LA	C400
BA573109	Fuller	Reeves	714-2552 Vehicula St.	Kansas City	22798	MO	C400
IJ065706	Oscar	Fletcher	Ap #868-9129 Porttitor Av.	Toledo	99665	VA	C100
HD986676	Simon	Keith	P.O. Box 344, 8443 Dapibus Av.	Pike Creek	37722	DE	C200
GU051391	Zelda	Downs	P.O. Box 846, 1992 Natoque Avenue	South Portland	29187	ME	C300
GI290305	Meredith	Herrera	Ap #459-4679 Eget St.	Phoenix	37353	AZ	C400
BF481452	Jackson	Buckley	9208 In Street	Shreveport	89688	LA	C100
CK511633	Rosalyn	Joyner	6309 Risus Rd.	Olympia	95331	WA	C300
JW669946	Gemma	Patterson	9829 Aliquet Rd.	Baton Rouge	28157	LA	C300
WH886511	Edward	Nguyen	926-1786 Enim. Rd.	Iowa City	36158	IA	C400
JW421565	Briar	Patel	Ap #880-142 Amet St.	Aurora	25541	CO	C100
DP508405	Clinton	Short	2861 Egestas, Avenue	Harrisburg	61475	PA	C300
IZ880366	Sawyer	Solomon	Ap #706-1594 Fringilla Street	Rock Springs	47862	WY	C300
JU732554	Hilda	Colon	P.O. Box 478, 3720 Per Av.	Boston	27765	MA	C400
TF407125	Thor	Holt	2982 Viverra. Avenue	Phoenix	81366	AZ	C400
MO164352	Deacon	Britt	Ap #946-6216 Proin St.	Phoenix	81844	AZ	C100
JU747869	Cheyenne	Wall	Ap #553-1258 Eget Rd.	Helena	95348	MT	C400
MP911813	Martin	Pratt	9346 Pede. St.	Columbia	58265	SC	C100
RI669002	Dolan	Lane	P.O. Box 845, 9229 Montes, Av.	Pittsburgh	22220	PA	C300
VI168820	Joelle	Watson	407 Elit Av.	Gulfport	69742	MS	C200
XI561704	Ivor	Short	Ap #256-3347 Fringilla, Avenue	Rochester	71527	NY	C100
BN376474	Cain	Hess	P.O. Box 129, 7484 Nam Avenue	Baltimore	80830	MD	C100
YY729462	Chester	Newman	Ap #266-2762 Euismod Road	Bozeman	40881	MT	C400
TF852535	Kibo	Fulton	Ap #202-8149 Montes, Street	Jacksonville	36777		C400
SY903024	Kiayada	Bishop	321-761 Mus. Ave	Hilo	62421	CT	C300
RG304768	Brittany	Cherry	Ap #960-5259 Auctor. St.	Fayetteville	90284	KS	C300
TH683448	Jocelyn	Mays	9036 Eget, St.	Jonesboro	71765	CT	C300
QQ330443	Hiroko	Mccarthy	P.O. Box 140, 6490 Nunc Street	Memphis	43387	NC	C100
PK641544	Melodie	Gaines	661-8500 Id St.	Evansville	18941	ID	C200
YX675606	Leah	Gould	848-7111 Ante St.	Kenosha	59041	NJ	C200
UT048764	Cara	Weber	4877 Sed St.	Kansas City	71084	NV	C100
TI745328	Drew	Sandoval	581-7089 Nascetur Road	Essex	34672	MI	C300
FR446576	Coby	Rosales	8508 Tellus. Street	Kansas City	66338	AK	C100
QQ155864	Gloria	Humphrey	1634 Montes, Ave	Reno	61589	IA	C100
IC763379	Cooper	Prince	671-3061 Tempor Street	Reading	13457	WY	C100
BW774783	Leandra	Ford	P.O. Box 961, 1769 Interdum. Rd.	Rock Springs	30303	OH	C400
DH425860	Alexandra	Shields	Ap #450-2479 Ligula. St.	Bridgeport	32132	WV	C200
UK447642	Lacy	Stewart	P.O. Box 968, 4404 Ipsum St.	Denver	37787	MS	C400
UJ565625	Barry	Holloway	P.O. Box 693, 9444 Et, Street	Jonesboro	78953	MD	C300
RI852042	Keane	Ashley	P.O. Box 597, 8450 Felis St.	Laramie	47252	DE	C400
IL567353	Dean	Forbes	549-9642 Nulla Rd.	Paradise	57353	GA	C200
QQ289416	Alexandra	Rivers	P.O. Box 801, 3292 Orci. Rd.	West Valley City	62448	KY	C200
JB222576	Breanna	Mills	275-7591 Nunc Av.	Rockville	51978	MD	C100
IU246182	Dora	Mcconnell	183-1519 Ipsum. Av.	Olympia	54404	DC	C400
GN462157	MacKenzie	Chambers	765-7412 Et Rd.	Oklahoma City	24461	NH	C100
TY377572	Ashton	Johns	3951 Ut Av.	Newark	35866	LA	C300
JY324420	Thor	Alexander	398-8796 Nunc Rd.	Jacksonville	29967	GA	C100
OS655539	Rowan	O'Neill	P.O. Box 663, 7386 Suspendisse Road	Davenport	78184	KY	C200
VA747453	Channing	Scott	598-4300 Nulla Av.	Richmond	74136	FL	C400
MZ172085	Madonna	Hickman	Ap #987-4953 Vitae, Road	Montgomery	28242	WA	C400
UH112927	Dominic	O'brien	502-6541 Quisque St.	Pocatello	98775	OK	C100
VM643521	Cadman	Gentry	185-4952 Ut, St.	Laramie	27253	AR	C200
MK577339	Branden	Frank	P.O. Box 998, 8934 Primis Ave	Henderson	46043	AZ	C200
EF073203	Yvette	Slater	803 Massa. Street	Waterbury	20128	MD	C100
RA168169	Kaseem	Dickson	P.O. Box 216, 6359 Volutpat. St.	Portland	56181	IA	C400
XK375136	Aaron	Doyle	P.O. Box 806, 1812 Id St.	Shreveport	61864	VA	C300
GH157611	Lila	Henry	P.O. Box 414, 7256 Consequat, Street	Lakewood	36252	NH	C100
PQ423950	Ralph	Carter	305-2367 Etiam Rd.	Louisville	71529	MT	C100
NW564615	Lucian	Berger	513-9163 Eu St.	Fort Wayne	86608	WV	C200
BE466171	Quentin	Holden	452-3113 Ornare, Avenue	Akron	51683	MA	C100
CS031630	Chandler	Morton	Ap #629-1100 Sed, Ave	Portland	79284	KY	C400
QL724529	Wayne	Monroe	443-7911 Quis Av.	Oklahoma City	51386	CT	C200
FJ043802	Wylie	Bernard	5517 Ipsum Street	Milwaukee	44566	WI	C200
MG278437	Evangeline	Harrison	824-8276 Nulla Road	Mesa	20031	SC	C100
BS726912	Hunter	Juarez	Ap #587-8938 Sed St.	Broken Arrow	51130	NH	C100
QB565957	Perry	Villarreal	406-6935 In Road	Kansas City	92245	MN	C400
RW684972	Victor	Jones	1458 Porttitor Road	Biloxi	71293	DC	C200
MR715102	Wylie	Rich	278-5009 Aenean Street	Columbus	53993	OK	C200
SC258799	Shad	Tyson	P.O. Box 317, 1526 Praesent Rd.	San Francisco	37815	IN	C400
EU465768	Kevin	Wilkinson	829-1147 Sem St.	Columbus	16381	PA	C200
XL521695	Brock	Mathis	P.O. Box 177, 1529 Sed Av.	Omaha	70471	WV	C300
OL461986	Tanisha	Shields	P.O. Box 824, 287 Dui Avenue	Springfield	73048	RI	C200
UL439558	Merrill	Noble	1616 Nulla Rd.	Memphis	97517	PA	C200
WT653441	Jasper	Smith	314-4621 Venenatis Av.	South Bend	12366	WA	C300
CJ227861	Ann	Burks	Ap #248-9414 Lorem. St.	Kapolei	73884	KY	C100
GN674768	Aurora	Perkins	9236 Orci Ave	Springfield	19648	CA	C200
RV066885	Heidi	Powers	Ap #872-9379 Nisl Av.	Lakewood	24172	OK	C400
QM461155	Brenna	Holman	Ap #410-8882 Sed Avenue	Boston	89680	DE	C200
KQ691524	Raya	Wiley	Ap #605-6587 Ipsum Av.	Essex	41022	IL	C300
BX035964	Hedwig	Mason	519-6525 Pellentesque Ave	Lewiston	75674	VT	C200
PA726785	Elizabeth	Spencer	5085 Ridiculus Street	Jackson	21159	KY	C100
PX057922	Ginger	Lara	353-8815 In Avenue	Montgomery	47274	ME	C200
OM157624	Kiara	Livingston	620-288 Lorem St.	Columbus	70355	IN	C100
PA446693	Rama	Hyde	P.O. Box 660, 2895 Lobortis. St.	Casper	67420	TN	C100
SH394982	Caleb	Lang	6554 Arcu Road	North Las Vegas	61481	CO	C200
HK762895	Tanya	Ellison	P.O. Box 699, 4904 Lectus. Rd.	Montgomery	53116	TN	C200
DM638575	Ryder	Clements	Ap #767-7376 At Rd.	Nampa	55450	TN	C200
YQ535508	Driscoll	Blackwell	Ap #374-327 Adipiscing, Road	Nampa	11731	SD	C300
EF726777	Nina	Page	991-319 Mus. Road	Colchester	42315	AL	C200
LI246882	Christian	Day	273-6849 Amet Rd.	Pike Creek	47221	WA	C400
LE555585	Briar	Reilly	Ap #822-1724 Semper. Road	Montgomery	27429	IL	C200
ZP003116	Madeline	Zimmerman	Ap #420-7408 Ut, Street	Evansville	74933	WV	C100
JS765823	Calvin	Glenn	P.O. Box 604, 4350 Fusce Ave	Colorado Springs	14984	RI	C200
XQ603246	Erich	Kline	Ap #469-9943 Commodo St.	Glendale	99647	KS	C400
DM682983	Xander	Guerra	Ap #984-7475 Risus St.	Butte	38520	DE	C200
UJ848882	Abraham	Riggs	Ap #845-8304 Erat St.	Rochester	71740	VT	C100
KX924670	Noel	Peters	Ap #601-5005 Mauris Road	Sandy	44594	KS	C300
HZ534178	Hop	Hunter	P.O. Box 497, 4102 Sociosqu Rd.	Rutland	67626	MA	C200
EB426545	Geoffrey	Walls	7188 Ipsum Av.	Metairie	88679	NE	C400
BO421732	Karen	Wooten	Ap #953-827 Sodales Rd.	Tuscaloosa	63740	SC	C300
BT635567	Cathleen	Potts	1453 Egestas St.	Mesa	19155	ME	C200
JD818843	Garrett	Clemons	P.O. Box 368, 4579 Ad Road	Toledo	94178	LA	C100
DB634356	Dora	Rice	Ap #930-7701 Dictum Avenue	Southaven	57848	MO	C400
LP952821	Larissa	Rodriquez	2198 Lobortis Av.	Saint Louis	75142	VT	C400
XU471713	Mariam	Rodriquez	Ap #612-1575 Nunc. Rd.	Chattanooga	30118	WY	C200
EB509621	Yetta	Flores	625-7805 Ac Rd.	Waterbury	17531	MT	C400
IB485058	Remedios	Barnett	5406 Ipsum Road	Burlington	59482	MD	C300
LG442192	Kenyon	Kirby	5510 Tempus, Avenue	Wichita	30833	AZ	C400
RL968139	Carson	Cooke	997-1704 Blandit Rd.	Provo	33600	FL	C200
XC158762	Brianna	Acevedo	297-2639 Eget, Street	Saint Louis	92515	SC	C100
NN157448	Ora	Blackwell	Ap #732-8126 Arcu. Rd.	Knoxville	99717	MO	C300
PK675745	Upton	Carpenter	203-649 Ac Road	Norman	52262	AK	C100
LG347836	Baxter	Taylor	434-3270 Ipsum Rd.	Jackson	68286	VA	C300
MD585683	Brock	Mckay	7383 Neque. Rd.	Portland	23352	MN	C300
OS592911	Sandra	Sullivan	Ap #171-2881 Vitae Rd.	Kenosha	48270	HI	C100
YL231356	Cooper	Lara	407-1509 Enim, St.	Gillette	71181	WY	C300
LP419864	Jamalia	Lambert	982-3188 Cubilia Road	Hilo	95083	OR	C100
IQ624502	Tamekah	Petersen	P.O. Box 781, 4500 Arcu. Av.	Missoula	36609	WY	C200
YP144482	Eric	Mercado	Ap #522-4087 Metus. Rd.	Tallahassee	65238	TX	C400
WX245115	Yael	Sexton	9798 Lorem Street	Hartford	48872	MN	C300
FF919669	Steven	Hooper	Ap #834-5275 Integer Av.	Minneapolis	76376	NJ	C200
BK342228	Rooney	Beck	Ap #204-3355 Volutpat Rd.	Austin	22782	MA	C100
XW413298	Zachery	Cotton	Ap #944-1950 Molestie Ave	Rochester	22446	MO	C400
BP364345	Bree	Humphrey	Ap #864-4622 A Av.	Pike Creek	40128	AZ	C100
HK756757	Angelica	Palmer	6674 Amet, Road	Athens	35510	TX	C200
XK587591	Hall	Reyes	P.O. Box 239, 429 Diam St.	Helena	35204	AR	C300
OH823577	Autumn	Britt	860-4641 Suspendisse Av.	Tampa	93545	VA	C300
RQ323256	Daryl	Munoz	Ap #151-5229 Fermentum Rd.	Missoula	15444	MS	C400
XZ608596	Ferdinand	Steele	Ap #870-629 Enim. Street	Denver	72103	NY	C300
CX421436	Colby	Gilbert	9035 Nisl Avenue	Tulsa	24882	RI	C400
YO777814	Madeson	Cook	P.O. Box 124, 6389 Ante, Av.	New Orleans	59145	MO	C200
HH778461	Chelsea	Roberts	Ap #837-1733 Non, Road	Baton Rouge	36158	VT	C400
VW917688	Ivan	Mccall	405-3074 Euismod Avenue	Fort Wayne	22601	KS	C400
TK987812	Yardley	Wooten	515-1727 Nulla Ave	Madison	99487	SD	C300
SM792364	Judah	Douglas	Ap #992-1458 Tellus. Street	Baltimore	38364	VA	C200
DR256625	Natalie	May	Ap #781-9070 Ipsum Street	Louisville	31685	ME	C300
TL812713	Isadora	Hawkins	926-3860 In, Street	Flint	22241	NC	C400
BP459322	Whilemina	Hatfield	234-2619 Mi. Ave	Naperville	91895	RI	C100
HV125387	Tasha	Richardson	518-3145 Nisl. Avenue	Rockville	64237	ME	C300
ER314277	Desiree	Keith	1944 Tincidunt Ave	Cambridge	72672	DE	C400
HK186948	Calvin	Barlow	4367 Nec, Road	San Jose	45860	CO	C300
GN771578	Ila	Hebert	438-3411 Elit Av.	Eugene	43381	TX	C300
BU064838	Inga	Sanders	735-4141 Nulla St.	Gary	42882	WI	C100
BL067344	Tashya	Lewis	Ap #817-9161 Lobortis St.	Covington	15518	NM	C200
CR698901	Dylan	Castro	P.O. Box 479, 1788 Sem Avenue	Atlanta	48002	CO	C200
CT001751	Rachel	Cherry	4018 Aliquet Road	Bangor	74254	TN	C100
LS328482	Russell	Goodwin	719-5548 Eu Street	West Jordan	34398	IN	C100
TA942711	Victoria	Rocha	Ap #662-6353 Velit Rd.	Stamford	70377	MN	C300
PX735262	Christian	Mays	695 Neque Av.	Stamford	29317	MD	C100
YO255188	Doris	Donovan	P.O. Box 440, 7708 Magna. Av.	Jackson	23699	CT	C400
BB428168	Britanni	Cantrell	994-3095 Quis St.	Stamford	81938	IA	C400
OP873165	Rooney	Anthony	387-1138 Mauris Rd.	Duluth	37804	IL	C300
NS473246	Stephen	Marquez	491-8775 Amet St.	San Jose	85817	ND	C400
HQ007281	Adara	Bird	1714 Adipiscing. Rd.	St. Petersburg	99832	IN	C300
UO549625	Libby	Alford	6030 Lectus Street	Metairie	92059	WV	C400
CY051873	Indigo	Booth	546-3974 Curabitur St.	Huntsville	48484	VT	C200
XN923065	Hakeem	Blankenship	P.O. Box 944, 6204 Nunc Rd.	Cleveland	31248	IL	C400
JY072669	Cameron	Finch	P.O. Box 442, 9435 Integer Rd.	Montpelier	24410	NJ	C300
WD871867	Bevis	Watson	572-7382 Tellus Av.	Cedar Rapids	44492	MD	C300
VW318154	Burke	Alston	Ap #236-5963 Est. Street	Fort Smith	79228	SC	C300
AN329385	Kirby	Ramos	893-4392 Fringilla. St.	Columbus	53585	WV	C400
JC637716	Arden	Caldwell	Ap #223-170 Egestas. Av.	Springfield	86787	NY	C200
TW039515	Alexis	Sellers	416 Rutrum, Ave	Auburn	29757	UT	C300
